metric_index,metric,label,bin_index,lower,upper,count,mean_probability,event_rate,marker_size,observations,brier,ece
0,predicted_success_probability,Goal success,0,0,0.1,17421,0.00808931749038517,0.0359336433040583,5,29672,0.0285432872404961,0.0266834389323268
0,predicted_success_probability,Goal success,1,0.1,0.2,44,0.119318181818182,0.818181818181818,1.3,29672,0.0285432872404961,0.0266834389323268
0,predicted_success_probability,Goal success,2,0.2,0.3,11,0.204545454545455,1,1.3,29672,0.0285432872404961,0.0266834389323268
0,predicted_success_probability,Goal success,3,0.3,0.4,7,0.35,1,1.3,29672,0.0285432872404961,0.0266834389323268
0,predicted_success_probability,Goal success,4,0.4,0.5,2,0.45,1,1.3,29672,0.0285432872404961,0.0266834389323268
0,predicted_success_probability,Goal success,5,0.5,0.6,457,0.50218818380744,0.986870897155361,1.3,29672,0.0285432872404961,0.0266834389323268
0,predicted_success_probability,Goal success,6,0.6,0.7,13,0.626153846153846,1,1.3,29672,0.0285432872404961,0.0266834389323268
0,predicted_success_probability,Goal success,7,0.7,0.8,21,0.725714285714286,1,1.3,29672,0.0285432872404961,0.0266834389323268
0,predicted_success_probability,Goal success,8,0.8,0.9,36,0.834722222222222,0.944444444444444,1.3,29672,0.0285432872404961,0.0266834389323268
0,predicted_success_probability,Goal success,9,0.9,1,11660,0.995064751286449,0.992881646655232,4.09055973562197,29672,0.0285432872404961,0.0266834389323268
1,selected_action_optimal_probability,Best selected action,1,0.1,0.2,1,0.1,0,1.3,7598,0.215580462217929,0.166895217596631
1,selected_action_optimal_probability,Best selected action,2,0.2,0.3,942,0.250042462845011,0.455414012738854,2.16960265822644,7598,0.215580462217929,0.166895217596631
1,selected_action_optimal_probability,Best selected action,3,0.3,0.4,150,0.327420911338667,0.6,1.3,7598,0.215580462217929,0.166895217596631
1,selected_action_optimal_probability,Best selected action,4,0.4,0.5,114,0.433859649122807,0.535087719298246,1.3,7598,0.215580462217929,0.166895217596631
1,selected_action_optimal_probability,Best selected action,5,0.5,0.6,272,0.539963235294118,0.602941176470588,1.3,7598,0.215580462217929,0.166895217596631
1,selected_action_optimal_probability,Best selected action,6,0.6,0.7,237,0.634261603375527,0.70042194092827,1.3,7598,0.215580462217929,0.166895217596631
1,selected_action_optimal_probability,Best selected action,7,0.7,0.8,351,0.727749287749288,0.732193732193732,1.32436687946398,7598,0.215580462217929,0.166895217596631
1,selected_action_optimal_probability,Best selected action,8,0.8,0.9,528,0.834375,0.706439393939394,1.62432045786233,7598,0.215580462217929,0.166895217596631
1,selected_action_optimal_probability,Best selected action,9,0.9,1,5003,0.978645412752349,0.79472316610034,5,7598,0.215580462217929,0.166895217596631
2,all_core_facts_correct_probability,All core facts,0,0,0.1,69,0.0620289855072464,0,1.3,29672,0.669693754145322,0.706124932596387
2,all_core_facts_correct_probability,All core facts,1,0.1,0.2,124,0.163064516129032,0.00806451612903226,1.3,29672,0.669693754145322,0.706124932596387
2,all_core_facts_correct_probability,All core facts,2,0.2,0.3,165,0.215575757575758,0,1.3,29672,0.669693754145322,0.706124932596387
2,all_core_facts_correct_probability,All core facts,3,0.3,0.4,172,0.340058139534884,0.0174418604651163,1.3,29672,0.669693754145322,0.706124932596387
2,all_core_facts_correct_probability,All core facts,4,0.4,0.5,78,0.434230769230769,0.0128205128205128,1.3,29672,0.669693754145322,0.706124932596387
2,all_core_facts_correct_probability,All core facts,5,0.5,0.6,179,0.554972067039106,0.0279329608938547,1.3,29672,0.669693754145322,0.706124932596387
2,all_core_facts_correct_probability,All core facts,6,0.6,0.7,168,0.623988095238095,0.0238095238095238,1.3,29672,0.669693754145322,0.706124932596387
2,all_core_facts_correct_probability,All core facts,7,0.7,0.8,1607,0.739365276913503,0.0174237710018668,1.3,29672,0.669693754145322,0.706124932596387
2,all_core_facts_correct_probability,All core facts,8,0.8,0.9,2045,0.849882640586797,0.00684596577017115,1.42817953645551,29672,0.669693754145322,0.706124932596387
2,all_core_facts_correct_probability,All core facts,9,0.9,1,25065,0.978630321164971,0.271454219030521,5,29672,0.669693754145322,0.706124932596387
