metric_index,metric_slug,metric,effort_index,arm,estimate,ci_lower,ci_upper,ci_minus,ci_plus,locked_reference,valid,scheduled
0,evidence,Checkable evidence support,0,Low,0.574412532637076,0.545407091271733,0.603604325479326,0.0290054413653428,0.0291917928422498,0.452240207153395,591,600
0,evidence,Checkable evidence support,1,Medium,0.652003910068426,0.62163396894336,0.682547405220035,0.0303699411250659,0.0305434951516093,0.452240207153395,596,600
0,evidence,Checkable evidence support,2,High,0.684478371501272,0.646093473118545,0.723253459326976,0.0383848983827267,0.0387750878257036,0.452240207153395,531,600
1,facts,All core facts exact,0,Low,0.3575,0.303333333333333,0.4125,0.0541666666666666,0.055,0.349,591,600
1,facts,All core facts exact,1,Medium,0.544166666666667,0.486666666666667,0.600854166666666,0.0575,0.0566874999999997,0.349,596,600
1,facts,All core facts exact,2,High,0.798611111111111,0.754340277777778,0.841145833333333,0.0442708333333334,0.0425347222222223,0.349,531,600
2,regret,Expected action regret,0,Low,0.453711833333333,0.381206979166667,0.530941604166667,0.0725048541666667,0.0772297708333332,0.4394071,600,600
2,regret,Expected action regret,1,Medium,0.357795111111333,0.287187444444667,0.43241259444445,0.0706076666666667,0.0746174833331166,0.4394071,600,600
2,regret,Expected action regret,2,High,0.304714166666667,0.234178,0.3783011875,0.0705361666666666,0.0735870208333333,0.4394071,599,600
3,outcome,Target-outcome accuracy,0,Low,0.933333333333333,0.905,0.958333333333333,0.0283333333333332,0.0250000000000002,0.9375,591,600
3,outcome,Target-outcome accuracy,1,Medium,0.976666666666667,0.961666666666667,0.99,0.015,0.0133333333333334,0.9375,596,600
3,outcome,Target-outcome accuracy,2,High,0.975694444444444,0.958333333333333,0.989583333333333,0.0173611111111109,0.0138888888888891,0.9375,531,600
4,ece,All-facts ECE,0,Low,0.579526226734349,0.5278193213969,0.629832220510187,0.0517069053374482,0.050305993775838,0.706124932596387,591,600
4,ece,All-facts ECE,1,Medium,0.418939597315436,0.366230857478665,0.473133950249857,0.052708739836771,0.0541943529344209,0.706124932596387,596,600
4,ece,All-facts ECE,2,High,0.171525423728813,0.134414848955981,0.210475393796206,0.0371105747728325,0.0389499700673923,0.706124932596387,531,600
5,aa_flip,Selected-action A/A flip,0,Low,0.35,0.301666666666667,0.4,0.0483333333333333,0.05,0.345,200,200
5,aa_flip,Selected-action A/A flip,1,Medium,0.373333333333333,0.321666666666667,0.421666666666667,0.0516666666666666,0.0483333333333334,0.345,200,200
5,aa_flip,Selected-action A/A flip,2,High,0.32,0.271666666666667,0.368333333333333,0.0483333333333333,0.0483333333333333,0.345,200,200
