stage,reveal_fraction,accuracy,accuracy_lower,accuracy_upper,accuracy_minus,accuracy_plus,brier,exact_probability,sufficient,valid,assigned
0,0,22.6666666666667,18.3333333333333,27.1666666666667,4.33333333333333,4.5,0.89366583,0.241205,2.66666666666667,600,600
1,0.125,30.6666666666667,25.3333333333333,36.1666666666667,5.33333333333333,5.5,0.911346405,0.269181666666667,3,600,600
2,0.25,28.6666666666667,23.3333333333333,34.1666666666667,5.33333333333333,5.5,0.934833066666667,0.267286666666667,3,600,600
3,0.375,29.6666666666667,24.3333333333333,35.1666666666667,5.33333333333333,5.5,0.936530553333333,0.274961666666667,4.5,600,600
4,0.5,32,26.3333333333333,37.8333333333333,5.66666666666667,5.83333333333333,0.942279273333333,0.278906666666667,4.83333333333333,600,600
5,0.625,32.5,26.8333333333333,38.5,5.66666666666667,6,0.963562291666667,0.275289166666667,7.66666666666667,599,600
6,0.75,36,30,42.1666666666667,6,6.16666666666666,0.923789596666667,0.296955,6.66666666666667,600,600
7,0.875,34.8333333333333,28.8333333333333,41,6.00000000000001,6.16666666666666,0.932432146666667,0.29294,8.66666666666667,600,600
8,1,35.6666666666667,29.3333333333333,42,6.33333333333333,6.33333333333334,0.885173223333333,0.288731666666667,3.5,598,600
