field,label,field_index,arm,arm_index,estimate,ci_lower,ci_upper,scheduled_estimate,valid_calls
target_outcome,Target outcome,0,low,0,93.33333333333333,90.5,95.83333333333334,91.83333333333333,591
reached_goal,Reached goal,1,low,0,98.5,97.16666666666666,99.5,97.0,591
collision_count,Collision count,2,low,0,62.33333333333333,56.99999999999999,67.83333333333333,62.16666666666666,591
collision_steps,Collision steps,3,low,0,57.333333333333336,51.66250000000004,63.0,57.166666666666664,591
executed_steps,Executed steps,4,low,0,100.0,100.0,100.0,98.5,591
final_cell,Final cell,5,low,0,96.16666666666666,94.16666666666666,98.0,94.83333333333334,591
estimated_shortest_path_length,Shortest path,6,low,0,47.166666666666664,41.666666666666664,52.83333333333333,46.83333333333333,591
estimated_final_distance,Final distance,7,low,0,81.0,76.25,85.5,80.33333333333333,591
all_core_facts,All eight exact,8,low,0,35.75,30.333333333333336,41.333333333333336,35.66666666666667,591
target_outcome,Target outcome,0,high,1,97.56944444444443,95.83333333333334,98.95833333333334,86.16666666666666,531
reached_goal,Reached goal,1,high,1,100.0,100.0,100.0,88.5,531
collision_count,Collision count,2,high,1,94.01041666666666,91.23263888888889,96.52777777777777,84.16666666666666,531
collision_steps,Collision steps,3,high,1,91.23263888888889,87.93402777777777,94.35763888888889,82.0,531
executed_steps,Executed steps,4,high,1,99.73958333333334,99.21875,100.0,88.33333333333334,531
final_cell,Final cell,5,high,1,99.65277777777777,99.13194444444443,100.0,88.16666666666666,531
estimated_shortest_path_length,Shortest path,6,high,1,89.0625,85.67708333333334,92.1875,79.83333333333334,531
estimated_final_distance,Final distance,7,high,1,97.30902777777777,95.3125,99.04513888888889,86.5,531
all_core_facts,All eight exact,8,high,1,79.8611111111111,75.52083333333334,84.11458333333334,72.33333333333334,531
